<?xml version="1.0"?>
<!DOCTYPE workforce
[
	<!ELEMENT workforce (emp*)>
	<!ELEMENT emp (projects)>
	<!ATTLIST emp roles CDATA #REQUIRED>
	<!ATTLIST emp name CDATA #REQUIRED>
	<!ELEMENT projects (proj+)>
	<!ELEMENT proj (#PCDATA)>
]>





<workforce>
	<emp roles="leader,analyst" name="Amanda">
		<projects>
			<proj>p123</proj>
			<proj>p789</proj>
		</projects>
	</emp>
	<emp roles="analyst" name="Bob">
		<projects>

			<proj>p123</proj>
		</projects>
	</emp>
	<emp roles="leader" name="David">
	<projects>
		<proj>p789</proj>
	</projects>
	</emp>
	<emp roles="leader" name="John">
	<projects>
		<proj>p456</proj>
	</projects>
	</emp>
</workforce>